{"i":35,"m":0.045330063756128434,"M":0.16232700258062147,"μ":0.07926328035592524,"L":{"i":26,"m":0.03629803373138565,"M":0.09474769437390926,"μ":0.05366652165398851,"L":{"i":1,"m":0.014637993794147378,"M":0.0608002502444218,"μ":0.043869031883617446,"L":{"i":17,"m":0.03885342536001452,"M":0.047731516100293865,"μ":0.04309786651897102,"L":{"i":22,"m":0.03930993042839858,"M":0.03930993042839858,"μ":0.03930993042839858,"L":null,"R":{"i":12}},"R":{"i":6,"m":0.032526080804117306,"M":0.034225669480618476,"μ":0.034225669480618476,"L":{"i":41},"R":{"i":58}}},"R":{"i":50,"m":0.042302636020852595,"M":0.06736505747769571,"μ":0.051684030826960825,"L":{"i":31,"m":0.05480503422497034,"M":0.05871572410388844,"μ":0.05871572410388844,"L":{"i":14},"R":{"i":19}},"R":{"i":2,"m":0.05548992869511179,"M":0.06711892142287917,"μ":0.06711892142287917,"L":{"i":44},"R":{"i":36}}}},"R":{"i":39,"m":0.04684873688716281,"M":0.09686621553633912,"μ":0.08522100024696959,"L":{"i":23,"m":0.05152904993306622,"M":0.0827562707643079,"μ":0.0736244561068167,"L":{"i":16,"m":0.05148393467754588,"M":0.05148393467754588,"μ":0.05148393467754588,"L":null,"R":{"i":37}},"R":{"i":43,"m":0.0654108523674815,"M":0.07158422029545022,"μ":0.07158422029545022,"L":{"i":40},"R":{"i":55}}},"R":{"i":49,"m":0.03928861228009564,"M":0.08607878265131581,"μ":0.07016210351451267,"L":{"i":45,"m":0.06668662828297187,"M":0.09213766065040642,"μ":0.09213766065040642,"L":{"i":15},"R":{"i":47}},"R":{"i":46,"m":0.06286455024793722,"M":0.08282862370249634,"μ":0.08282862370249634,"L":{"i":48},"R":{"i":9}}}}},"R":{"i":5,"m":0.08346786316625408,"M":0.2287681934732303,"μ":0.11851803891770697,"L":{"i":52,"m":0.018176607515984235,"M":0.09024975292296908,"μ":0.042003318025363556,"L":{"i":30,"m":0.026113915050833818,"M":0.03281767729165429,"μ":0.027888158320375327,"L":{"i":51,"m":0.029018535693329253,"M":0.029018535693329253,"μ":0.029018535693329253,"L":null,"R":{"i":34}},"R":{"i":33,"m":0.0223727868061936,"M":0.024102533802259015,"μ":0.024102533802259015,"L":{"i":54},"R":{"i":56}}},"R":{"i":57,"m":0.04869879529687041,"M":0.0977013817268554,"μ":0.07896832675897085,"L":{"i":20,"m":0.05755487441622946,"M":0.07003192742027241,"μ":0.07003192742027241,"L":{"i":27},"R":{"i":38}},"R":{"i":13,"m":0.07448358337560715,"M":0.0771892020242886,"μ":0.0771892020242886,"L":{"i":4},"R":{"i":28}}}},"R":{"i":24,"m":0.041315864923400294,"M":0.1621922353815245,"μ":0.0921963237173426,"L":{"i":29,"m":0.03418321327328774,"M":0.08166165814493456,"μ":0.06801154398040068,"L":{"i":32,"m":0.0852609892441063,"M":0.09425996694030395,"μ":0.09425996694030395,"L":{"i":21},"R":{"i":18}},"R":{"i":0,"m":0.04168576606445385,"M":0.06619146332189331,"μ":0.06619146332189331,"L":{"i":7},"R":{"i":11}}},"R":{"i":59,"m":0.041215655502954064,"M":0.1144105452850635,"μ":0.0827916045557498,"L":{"i":10,"m":0.05063293678245059,"M":0.05567787214061309,"μ":0.05567787214061309,"L":{"i":53},"R":{"i":8}},"R":{"i":3,"m":0.058331944559448755,"M":0.07916456061876935,"μ":0.07916456061876935,"L":{"i":25},"R":{"i":42}}}}}}